StarID,Hip,HD,HR,Gliese,BayerFlamsteed,ProperName,RA,Dec,Distance,Mag,AbsMag,Spectrum,ColorIndex
0,,,,,Sol,Sol,0,0,0,-26.72,4.85,G2V,0.65
495,   677,   358,  15,, 21Alp And,Alpheratz,0.13976888,+29.09082805,29.7619047619048, 2.07,-0.29830361305078,B9p         ,-0.038
544,   746,   432,  21,Gl   8   , 11Bet Cas,Caph,0.15280269,+59.15021814,16.69727834363,  2.27,1.15677156542104,F2III-IV    , 0.380
554,   765,   496,  25,Gl   9.1 ,   Eps Phe, ,0.15681663,-45.74698836,42.9553264604811,  3.88,0.714914879889254,K0III       , 1.013
782,  1067,   886,  39,, 88Gam Peg,Algenib,0.22059721,+15.18361593,102.145045965271, 2.83,-2.21608654098431,B2IV        ,-0.190
1133,  1562,  1522,  74,,  8Iot Cet, ,0.32380084,-08.82382948,88.809946714032, 3.56,-1.18230804742336,K2III       , 1.214
1451,  2021,  2151,  98,Gl  19   ,   Bet Hyi, ,0.42755612,-77.25503511,7.47495888772612,  2.80,3.43195595808307,G2IV        , 0.618
1484,  2072,  2262, 100,Gl  20   ,   Kap Phe, ,0.43669894,-43.67990933,23.5238767348859,  3.94,2.08245552483561,A7V         , 0.175
1489,  2081,  2261,  99,,   Alp Phe,Ankaa,0.43801871,-42.30512197,23.7304224015187, 2.40,0.523472656360407,K0III...    , 1.083
2056,  2920,  3360, 153,, 17Zet Cas, ,0.61618528,+53.89693161,183.150183150183, 3.69,-2.62403678647631,B2IV        ,-0.196
2183,  3092,  3627, 165,, 31Del And, ,0.65544371,+30.86122579,31.0655483069276, 3.27,0.808604883428068,K3III...    , 1.268
2243,  3179,  3712, 168,, 18Alp Cas,Shedir,0.67510756,+56.53740928,70.0770847932726, 2.24,-1.98788013442676,K0II-IIIvar , 1.170
2405,  3419,  4128, 188,Gl  31   , 16Bet Cet,Diphda,0.7264523,-17.98668410,29.3772032902468,  2.04,-0.300052242937249,K0III       , 1.019
2666,  3821,  4614, 219,Gl  34  A, 24Eta Cas, ,0.8180835,+57.81654770,5.95273528186202,  3.45,4.57641715047222,G0V SB      , 0.587
3084,  4427,  5394, 264,, 27Gam Cas, ,0.9451392,+60.71674966,187.96992481203, 2.15,-4.22044183852476,B0IV:evar   ,-0.046
3092,  4436,  5448, 269,, 37Mu  And, ,0.94586046,+38.49925513,41.7885499373172, 3.86,0.754713493067187,A5V         , 0.130
3613,  5165,  6595, 322,,   Bet Phe, ,1.10141847,-46.71849042,60.7533414337789, 3.32,-0.597850845618744,G8IIIvar    , 0.885
3746,  5348,  6882, 338,,   Zet Phe, ,1.13973891,-55.24583235,85.7632933104631, 3.94,-0.726507247885023,B6V + B0V   ,-0.120
3756,  5364,  6805, 334,NN 3075  , 31Eta Cet, ,1.14312879,-10.18192800,36.0620266858997,  3.45,0.664749347889309,K2III       , 1.161
3816,  5447,  6860, 337,Gl  53.3 , 43Bet And,Mirach,1.16216599,+35.62083048,61.1246943765281,  2.05,-1.88108350332348,M0IIIvar    , 1.576
4562,  6537,  8512, 402,, 45The Cet, ,1.40040311,-08.18275372,35.1123595505618, 3.60,0.872699924824095,K0III       , 1.065
4667,  6686,  8538, 403,, 37Del Cas, ,1.43016751,+60.23540347,30.4785126485827, 2.66,0.240031151930239,A5Vv SB     , 0.160
4797,  6867,  9053, 429,,   Gam Phe, ,1.47276157,-43.31772906,71.7360114777618, 3.41,-0.868686131190047,K5II-III    , 1.542
4948,  7083,  9362, 440,,   Del Phe, ,1.5208282,-49.07307701,45.1467268623025, 3.93,0.656868652795442,K0III-IV    , 0.972
4959,  7097,  9270, 437,, 99Eta Psc, ,1.52472051,+15.34583101,90.1713255184851, 3.62,-1.1553422692542,G8III       , 0.974
5297,  7588, 10144, 472,,   Alp Eri,Achernar,1.62854213,-57.23666007,44.0917107583774, 0.45,-2.77178474889566,B3Vp        ,-0.158
5315,  7607,  9927, 464,, 51    And, ,1.6331951,+48.62848641,53.3049040511727, 3.59,-0.0438358297847716,K3III       , 1.275
5668,  8102, 10700, 509,Gl  71   , 52Tau Cet, ,1.73475762,-15.93955597,3.6473720684247,  3.49,5.68009966023162,G8V         , 0.727
6023,  8645, 11353, 539,, 55Zet Cet, ,1.85766961,-10.33494526,79.428117553614, 3.74,-0.759871349460687,K2III       , 1.136
6121,  8796, 11443, 544,Gl  78.1 ,  2Alp Tri, ,1.88469439,+29.57939727,19.657951641439,  3.42,1.95230868815677,F6IV        , 0.488
6147,  8832, 11502, 546,,  5Gam2Ari, ,1.892157,+19.29409264,62.65664160401, 3.88,-0.104835564926447,A1p Si      ,-0.047
6182,  8886, 11415, 542,, 45Eps Cas, ,1.90657873,+63.67014686,135.50135501355, 3.35,-2.30971819088479,B2pvar      ,-0.150
6195,  8903, 11636, 553,Gl  80   ,  6Bet Ari, ,1.91065251,+20.80829949,18.2681768359518,  2.64,1.33152396537052,A5V...      , 0.165
6270,  9007, 11937, 566,Gl  81  A,   Chi Eri, ,1.93245347,-51.60958673,17.4855744011191,  3.70,2.48660048273336,G5IV        , 0.844
6432,  9236, 12311, 591,Gl  83   ,   Alp Hyi, ,1.97940884,-61.56992444,21.8627022299956,  2.86,1.16148080135365,F0V         , 0.290
6503,  9347, 12274, 585,, 59Ups Cet, ,2.00006244,-21.07777193,92.2509225092251, 3.99,-0.834853588988159,K5/M0III    , 1.554
6605,  9487, 12446, 595,,113Alp Psc, ,2.03411128,+02.76376048,42.6439232409382, 3.82,0.67071423525551,A2          , 0.024
6693,  9598, 12216, 580,, 50    Cas, ,2.05727509,+72.42123962,49.7017892644135, 3.95,0.468139881919449,A2V         ,-0.002
6724,  9640, 12533, 603,, 57Gam1And, ,2.06497752,+42.32984832,108.813928182807, 2.10,-3.08342244306944,B8V         , 1.370
6888,  9884, 12929, 617,Gl  84.3 , 13Alp Ari,Hamal,2.11952383,+23.46277743,20.2101859337106,  2.00,0.472148454785415,K2III       , 1.151
7008, 10064, 13161, 622,,  4Bet Tri, ,2.15903358,+34.98739204,38.109756097561, 3.00,0.0948191535181135,A5III       , 0.140
7385, 10602, 14228, 674,,   Phi Eri, ,2.27513896,-51.51211145,47.4833808167142, 3.56,0.177291834247339,B8IV-V      ,-0.120
8222, 11767,  8890, 424,,  1Alp UMi,Polaris,2.52974312,+89.26413805,132.275132275132, 1.97,-3.63739102249397,F7:Ib-IIv SB, 0.636
8897, 12706, 16970, 804,Gl 106.1A, 86Gam Cet, ,2.72170126,+03.23617162,25.1382604323781,  3.56,1.55832389394208,A3V         , 0.093
9257, 13209, 17573, 838,, 41    Ari, ,2.8330526,+27.26079044,48.8997555012225, 3.61,0.163466561716803,B8Vn        ,-0.100
9298, 13268, 17506, 834,, 15Eta Per, ,2.84494243,+55.89552955,408.163265306122, 3.77,-4.28416957817734,K3Ib comp SB, 1.690
9483, 13531, 17878, 854,, 18Tau Per, ,2.90429513,+52.76248991,76.0456273764259, 3.93,-0.475371235871117,G4III...    , 0.758
9608, 13701, 18322, 874,,  3Eta Eri, ,2.94044549,-08.89760976,40.8329930583912, 3.89,0.834943925623571,K1III-IV    , 1.088
9709, 13847, 18622, 897,,   The1Eri, ,2.97103212,-40.30473491,49.4559841740851, 2.88,-0.591094243725088,A4III+...   , 0.128
9907, 14135, 18884, 911,, 92Alp Cet,Menkar,3.03799418,+04.08992539,67.476383265857, 2.54,-1.60575898178345,M2III       , 1.630
10038, 14328, 18925, 915,, 23Gam Per, ,3.07994173,+53.50645031,78.6163522012579, 2.91,-1.56756444343802,G8III+...   , 0.716
10058, 14354, 19058, 921,, 25Rho Per, ,3.08624916,+38.84053298,99.7008973080758, 3.32,-1.67349533489791,M3IIIvar    , 1.528
10217, 14576, 19356, 936,, 26Bet Per,Algol,3.13614714,+40.95565120,28.4575981787137, 2.09,-0.180991214203619,B8V         ,-0.003
10288, 14668, 19476, 941,, 27Kap Per, ,3.1582303,+44.85788896,34.4234079173838, 3.79,1.10573068363175,K0III       , 0.980
10440, 14879, 20010, 963,Gl 127  A,   Alp For, ,3.20118888,-28.98910623,14.1123341800734,  3.95,3.20200573998579,F8V         , 0.543
10871, 15474, 20720,1003,, 16Tau4Eri, ,3.32526935,-21.75794210,79.1765637371338, 3.70,-0.792983247223345,M3/M4III    , 1.614
11142, 15863, 20902,1017,, 33Alp Per,Mirphak,3.40537459,+49.86124281,181.488203266788, 1.79,-4.50424200574107,F5Ib        , 0.481
11170, 15900, 21120,1030,,  1Omi Tau, ,3.413566,+09.02906504,64.8508430609598, 3.61,-0.449578131425308,G8III       , 0.887
11284, 16083, 21364,1038,,  2Xi  Tau, ,3.45281136,+09.73277240,68.1198910081744, 3.73,-0.43636972209974,B9Vn        ,-0.082
11608, 16537, 22049,1084,Gl 144   , 18Eps Eri, ,3.549006,-09.45830584,3.21802091713596,  3.73,6.19205568656841,K2V         , 0.881
12151, 17358, 22928,1122,, 39Del Per, ,3.71541169,+47.78765330,161.812297734628, 3.01,-3.03505762455592,B5III SB    ,-0.125
12165, 17378, 23249,1136,Gl 150   , 23Del Eri, ,3.72082113,-09.76519868,9.04322662325918,  3.53,3.74838292801359,K0IV        , 0.915
12205, 17440, 23817,1175,Gl 154.2 ,   Bet Ret, ,3.73654302,-64.80709398,30.571690614491,  3.85,1.42340272062491,K0IV SB     , 1.133
12211, 17448, 23180,1131,, 38Omi Per, ,3.73864623,+32.28827325,452.488687782805, 3.84,-4.43803863157445,B1III       , 0.022
12251, 17499, 23302,1142,, 17    Tau, ,3.7479232,+24.11344840,113.636363636364, 3.72,-1.55758663924916,B6III       ,-0.105
12271, 17529, 23230,1135,, 41Nu  Per, ,3.75323428,+42.57854437,170.648464163823, 3.77,-2.39051191990955,F5IIvar     , 0.425
12305, 17573, 23408,1149,, 20    Tau, ,3.76377586,+24.36785796,110.37527593819, 3.87,-1.34435901161593,B8III       ,-0.063
12376, 17678, 24512,1208,,   Gam Hyi, ,3.78728653,-74.23924251,65.6598818122127, 3.26,-0.826500483319787,M2III       , 1.590
12393, 17702, 23630,1165,, 25Eta Tau,Alcyone,3.79140671,+24.10524193,112.739571589628, 2.85,-2.41038190084137,B7III       ,-0.086
12503, 17847, 23850,1178,, 27    Tau, ,3.81936977,+24.05352412,116.686114352392, 3.62,-1.71509589038401,B8III       ,-0.070
12791, 18246, 24398,1203,, 44Zet Per, ,3.90219957,+31.88365776,301.204819277108, 2.84,-4.55430958147982,B1Ib        , 0.271
12986, 18532, 24760,1220,, 45Eps Per, ,3.96422809,+40.01027315,165.016501650165, 2.90,-3.18763687916857,B0.5V       ,-0.199
12992, 18543, 25025,1231,, 34Gam Eri, ,3.96714724,-13.50824471,67.7966101694915, 2.97,-1.18603989842909,M1IIIb Ca-1 , 1.588
13038, 18614, 24912,1228,, 46Xi  Per, ,3.98274992,+35.79102701,543.478260869565, 3.98,-4.69591088495232,O7.5Iab:    , 0.016
13110, 18724, 25204,1239,, 35Lam Tau, ,4.01133906,+12.49037571,113.507377979569, 3.41,-1.86512045793976,B3V + A     ,-0.099
13237, 18907, 25490,1251,, 38Nu  Tau, ,4.05260466,+05.98930909,39.6196513470682, 3.91,0.920446752860484,A1V         , 0.032
13547, 19343, 25940,1273,, 48    Per, ,4.14435368,+47.71259359,169.779286926995, 3.96,-2.18942352606449,B3Ve        ,-0.025
13838, 19747, 26967,1326,,   Alp Hor, ,4.23335592,-42.29387294,35.9066427289048, 3.85,1.07412599754874,K1III       , 1.085
13863, 19780, 27256,1336,,   Alp Ret, ,4.24039753,-62.47397888,50.05005005005, 3.33,-0.167022580550182,G7III       , 0.915
14055, 20042, 27376,1347,, 41Ups4Eri, ,4.29822737,-33.79833145,54.7345374931582, 3.55,-0.14130726323731,B9V         ,-0.108
14183, 20205, 27371,1346,, 54Gam Tau, ,4.32987052,+15.62770031,47.2366556447803, 3.65,0.278604290097061,G8III       , 0.981
14373, 20455, 27697,1373,, 61Del1Tau, ,4.38222981,+17.54258430,46.9704086425552, 3.77,0.410878307191613,G8III       , 0.983
14433, 20535, 28028,1393,, 43    Eri, ,4.40060148,-34.01698632,83.6820083682008, 3.97,-0.643160473579216,K4III       , 1.468
14706, 20885, 28307,1411,, 77The1Tau, ,4.4762312,+15.96221721,48.4027105517909, 3.84,0.415651585918009,G7III       , 0.952
14710, 20889, 28305,1409,, 74Eps Tau, ,4.47692591,+19.18052092,47.5285171102662, 3.53,0.145228677408507,K0III       , 1.014
14714, 20894, 28319,1412,, 78The2Tau, ,4.47768747,+15.87094680,45.6829602558246, 3.40,0.101228807839659,A7III       , 0.179
15002, 21281, 29305,1465,,   Alp Dor, ,4.56658845,-55.04500559,53.8793103448276, 3.30,-0.357110140585784,A0V:        ,-0.079
15088, 21393, 29291,1464,, 52Ups2Eri, ,4.59251991,-30.56231049,64.0204865556978, 3.81,-0.221594852293592,G8III       , 0.957
15108, 21421, 29139,1457,Gl 171.1A, 87Alp Tau,Aldebaran,4.59866679,+16.50976164,19.9640646835696,  0.85,-0.651244841552428,K5III       , 1.538
15125, 21444, 29248,1463,, 48Nu  Eri, ,4.60531682,-03.35244800,179.856115107914, 3.93,-2.34462604208971,B2III SB    ,-0.210
15236, 21594, 29503,1481,Wo 9160 A, 53    Eri, ,4.63635303,-14.30358700,33.5120643431635,  3.91,1.28399409400316,K1III       , 1.082
15856, 22449, 30652,1543,Gl 178   ,  1Pi 3Ori, ,4.83059395,+06.96124744,8.02568218298555,  3.19,3.66759021161575,F6V         , 0.484
15927, 22549, 30836,1552,,  3Pi 4Ori, ,4.853435,+05.60510146,386.100386100386, 3.68,-4.25350117959374,B2III SB    ,-0.157
16098, 22797, 31237,1567,,  8Pi 5Ori, ,4.90419323,+02.44067149,411.522633744856, 3.71,-4.36196863200844,B2III SB    ,-0.179
16265, 23015, 31398,1577,,  3Iot Aur, ,4.94989339,+33.16613537,156.985871271586, 2.69,-3.28930283832325,K3IIvar     , 1.490
16550, 23416, 31964,1605,,  7Eps Aur, ,5.032815,+43.82331397,625, 3.03,-5.94940008672038,F0Ia        , 0.537
16579, 23453, 32068,1612,,  8Zet Aur, ,5.04130001,+41.07588953,241.545893719807, 3.69,-3.22499829439551,K4II comp   , 1.154
16753, 23685, 32887,1654,,  2Eps Lep, ,5.09101447,-22.37085673,69.4927032661571, 3.19,-1.01969603031697,K4III       , 1.460
16813, 23767, 32630,1641,, 10Eta Aur, ,5.10857473,+41.23464074,67.2494956287828, 3.18,-0.958445157390228,B3V         ,-0.148
16898, 23875, 33111,1666,Wo 9175  , 67Bet Eri, ,5.13084276,-05.08626282,27.2405339144647,  2.79,0.613921922519935,A3IIIvar    , 0.161
17211, 24305, 33904,1702,,  5Mu  Lep, ,5.2155203,-16.20542901,56.5291124929339, 3.29,-0.471360835451384,B9IV: HgMn  ,-0.110
17301, 24436, 34085,1713,, 19Bet Ori,Rigel,5.24229756,-08.20163919,236.96682464455, 0.18,-6.69343774519163,B8Ia        ,-0.030
17425, 24608, 34029,1708,Gl 194  A, 13Alp Aur,Capella,5.27813767,+45.99902927,12.9382843834907,  0.71,0.150616536489542,M1: comp    , 0.795
17476, 24674, 34503,1735,, 20Tau Ori, ,5.29344415,-06.84438616,170.068027210884, 3.59,-2.56311336961931,B5III       ,-0.115
17900, 25281, 35411,1788,, 28Eta Ori, ,5.40794918,-02.39713844,276.243093922652, 3.35,-3.85645714733417,B1V + B2    ,-0.240
17947, 25336, 35468,1790,, 24Gam Ori,Bellatrix,5.41885227,+06.34973451,74.5156482861401, 1.64,-2.72123742083513,B2III       ,-0.224
18021, 25428, 35497,1791,,112Bet Tau,Alnath,5.43819386,+28.60787346,40.1767778224186, 1.65,-1.36987551695703,B7III       ,-0.130
18150, 25606, 36079,1829,,  9Bet Lep,Nihal,5.47075731,-20.75923214,48.8042947779405, 2.81,-0.632290207994025,G5II        , 0.807
18332, 25859, 36597,1862,,   Eps Col, ,5.5202043,-35.47043592,84.9617672047579, 3.86,-0.786117685782826,K1II/III    , 1.130
18386, 25930, 36486,1852,, 34Del Ori, ,5.53344437,-00.29909340,280.898876404494, 2.25,-4.99275001013562,O9.5II      ,-0.175
18430, 25985, 36673,1865,, 11Alp Lep,Arneb,5.54550386,-17.82229227,393.700787401575, 2.58,-5.39583141690031,F0Ib        , 0.211
18498, 26069, 37350,1922,,   Bet Dor, ,5.5604212,-62.48985585,318.471337579618, 3.76,-3.75535175963392,F6Ia        , 0.640
18609, 26207, 36861,1879,, 39Lam Ori, ,5.58563269,+09.93416294,323.624595469256, 3.39,-4.16020760287583,O...        ,-0.160
18635, 26241, 37043,1899,, 44Iot Ori, ,5.59055031,-05.90989984,406.50406504065, 2.75,-5.2953244644831,O9III       ,-0.210
18686, 26311, 37128,1903,, 46Eps Ori,Alnilam,5.60355904,-01.20191725,411.522633744856, 1.69,-6.38196863200844,B0Ia        ,-0.184
18796, 26451, 37202,1910,,123Zet Tau, ,5.62741229,+21.14259299,127.877237851662, 2.97,-2.56396623470076,B4IIIp      ,-0.148
18872, 26549, 37468,1931,, 48Sig Ori, ,5.64576814,-02.60006791,352.112676056338, 3.77,-3.96340829976481,O9.5V...    ,-0.190
18937, 26634, 37795,1956,,   Alp Col, ,5.66081665,-34.07404941,82.2368421052632, 2.65,-1.92533212531642,B7IV        ,-0.120
19013, 26727, 37742,1948,, 50Zet Ori,Alnitak,5.67931244,-01.94257841,250.62656641604, 1.74,-5.25513552156626,O9.5Ib SB   ,-0.199
19278, 27072, 38393,1983,Gl 216  A, 13Gam Lep, ,5.74110416,-22.44748663,8.96941429724639,  3.58,3.81617957729841,F7V         , 0.481
19445, 27288, 38678,1998,Gl 217.1 , 14Zet Lep, ,5.78259715,-14.82194717,21.519259737465,  3.55,1.88586336239434,A2Vann      , 0.104
19470, 27321, 39060,2020,Gl 219   ,   Bet Pic, ,5.7880787,-51.06671329,19.2789666473877,  3.85,2.42458123996793,A3V         , 0.171
19506, 27366, 38771,2004,, 53Kap Ori,Saiph,5.79594109,-09.66960186,221.238938053097, 2.07,-4.65430782594309,B0.5Iavar   ,-0.168
19709, 27628, 39425,2040,,   Bet Col, ,5.84932022,-35.76929225,26.3574064312072, 3.12,1.01548663276322,K1.5III     , 1.146
19727, 27654, 39364,2035,, 15Del Lep, ,5.85532022,-20.87751376,34.4234079173838, 3.76,1.07573068363175,G8III/IV    , 0.984
19744, 27673, 39003,2012,, 32Nu  Aur, ,5.85816462,+39.14847936,65.9195781147001, 3.97,-0.125072096066347,K0III       , 1.132
19984, 27989, 39801,2061,, 58Alp Ori,Betelgeuse,5.91952477,+07.40703634,131.061598951507, 0.45,-5.1373773102256,M2Ib        , 1.500
20064, 28103, 40136,2085,Gl 225   , 16Eta Lep, ,5.94008841,-14.16803805,15.044380923725,  3.72,2.8331283938707,F1V         , 0.337
20232, 28328, 40808,2120,,   Eta Col, ,5.98577514,-42.81510761,162.866449511401, 3.96,-2.09915814429416,K0III       , 1.146
20253, 28358, 40035,2077,, 33Del Aur, ,5.99209731,+54.28498197,43.0663221360896, 3.72,0.549311077012776,K0III       , 1.010
20254, 28360, 40183,2088,NN 3375  , 34Bet Aur, ,5.99215817,+44.94743492,25.1762336354481,  1.90,-0.104953800883282,A2V         , 0.077
20267, 28380, 40312,2095,, 37The Aur, ,5.99534393,+37.21276409,53.1067445565587, 2.65,-0.975748399916676,A0p Si      ,-0.083
21285, 29651, 43232,2227,,  5Gam Mon, ,6.24759346,-06.27472737,197.628458498024, 3.99,-2.489247415801,K3III       , 1.319
21289, 29655, 42995,2216,,  7Eta Gem, ,6.2479713,+22.50682376,107.066381156317, 3.31,-1.83826561884953,M3III       , 1.600
21680, 30122, 44402,2282,,  1Zet CMa, ,6.33855198,-30.06337656,103.092783505155, 3.02,-2.04614132866878,B2.5V       ,-0.160
21809, 30277, 44762,2296,,   Del Col, ,6.36856809,-33.43627251,72.7272727272727, 3.85,-0.458486509168592,G7II        , 0.858
21842, 30324, 44743,2294,,  2Bet CMa, ,6.37832983,-17.95591658,153.139356814701, 1.98,-3.94543409362463,B1II/III    ,-0.240
21860, 30343, 44478,2286,, 13Mu  Gem, ,6.3826642,+22.51385027,71.0732054015636, 2.87,-1.38852951282627,M3IIIvar    , 1.621
21936, 30438, 45348,2326,,   Alp Car,Canopus,6.39919184,-52.69571799,95.8772770853308,-0.62,-5.52857845786735,F0Ib        , 0.164
22278, 30867, 45725,2356,, 11Bet Mon, ,6.48029836,-07.03305042,211.864406779661, 3.76,-2.87029000682956,B3Ve        ,-0.113
22848, 31592, 47205,2429,Gl 239.1 ,  7Nu 2CMa, ,6.61138858,-19.25570928,19.8373338623289,  3.96,2.47258348719075,K1III+...   , 1.037
22916, 31681, 47105,2421,, 24Gam Gem,Alhena,6.62852842,+16.39941482,32.133676092545, 1.93,-0.604802058411743,A0IV        , 0.001
22920, 31685, 47670,2451,,   Nu  Pup, ,6.62935324,-43.19592394,129.70168612192, 3.17,-2.39472810974521,B8III SB    ,-0.103
23358, 32246, 48329,2473,, 27Eps Gem, ,6.73220272,+25.13115531,277.008310249308, 3.06,-4.15246399047171,A3mA6-A9    , 1.377
23440, 32349, 48915,2491,Gl 244  A,  9Alp CMa,Sirius,6.7525694,-16.71314306,2.63706125893305, -1.43,1.46439890714285,A0m...      , 0.009
23453, 32362, 48737,2484,Gl 242   , 31Xi  Gem, ,6.75484265,+12.89605513,17.5377060680463,  3.36,2.14013606486721,F5IV        , 0.443
23650, 32607, 50241,2550,Gl 248   ,   Alp Pic, ,6.80320475,-61.94197988,30.3398058252427,  3.27,0.859936015125391,A7IV        , 0.225
23774, 32759, 50013,2538,, 13Kap CMa, ,6.83068485,-32.50848752,242.130750605327, 3.50,-3.42024974171799,B1.5IVne    ,-0.116
23782, 32768, 50310,2553,,   Tau Pup, ,6.83226023,-50.61439973,56.0224089635854, 2.94,-0.80180889775894,K0III...    , 1.207
23969, 33018, 50019,2540,, 34The Gem, ,6.87981668,+33.96136985,60.2772754671489, 3.60,-0.300768069878196,A3III       , 0.102
24072, 33152, 50877,2580,, 16Omi1CMa, ,6.90220967,-24.18422296,606.060606060606, 3.89,-5.02258027893047,K3Iab       , 1.740
24404, 33579, 52089,2618,, 21Eps CMa,Adhara,6.9770963,-28.97208931,132.100396301189, 1.50,-4.10452060249964,B2II        ,-0.211
24619, 33856, 52877,2646,, 22Sig CMa, ,7.02865325,-27.93484165,373.134328358209, 3.49,-4.36932602985605,K4III       , 1.729
24711, 33977, 53138,2653,, 24Omi2CMa, ,7.05040932,-23.83330131,787.40157480315, 3.02,-6.46098139522021,B3Ia        ,-0.077
25082, 34444, 54605,2693,, 25Del CMa, ,7.13985723,-26.39320776,549.450549450549, 1.83,-6.86964306007463,F8Ia        , 0.671
25106, 34481, 55865,2736,,   Gam2Vol, ,7.14578458,-70.49919435,43.4404865334492, 3.78,0.590526596468866,G8IIIvar    , 1.006
25682, 35228, 57623,2803,,   Del Vol, ,7.28050856,-67.95717248,202.429149797571, 3.97,-2.56136525538176,F6II        , 0.760
25715, 35264, 56855,2773,,   Pi  Pup, ,7.28571226,-37.09748689,335.570469798658, 2.71,-4.91891867961872,K3Ib        , 1.616
25784, 35350, 56537,2763,Wo 9231 A, 54Lam Gem, ,7.30155744,+16.54047526,28.9100896212778,  3.58,1.27475281007181,A3V...      , 0.106
25932, 35550, 56986,2777,Gl 271  A, 55Del Gem, ,7.33538592,+21.98233941,18.034265103697,  3.53,2.24950775242589,F0IV...     , 0.374
26214, 35904, 58350,2827,, 31Eta CMa, ,7.40158473,-29.30311979,980.392156862745, 2.45,-7.50699914119041,B5Ia        ,-0.083
26314, 36046, 58207,2821,, 60Iot Gem, ,7.42879891,+27.79828561,38.6100386100386, 3.78,0.846498820406259,G9III+...   , 1.024
26419, 36188, 58715,2845,,  3Bet CMi, ,7.45252008,+08.28940893,52.1920668058455, 2.89,-0.698022476287371,B8Vvar      ,-0.097
26560, 36377, 59717,2878,,   Sig Pup, ,7.48718842,-43.30189129,56.369785794814, 3.25,-0.505231922521462,K5III SB    , 1.509
26923, 36850, 60179,2891,Gl 278  A, 66Alp Gem,Castor,7.57666793,+31.88863645,15.8052789631737,  1.94,0.945989172295744,A2Vm        , 0.034
27226, 37229, 61555,2948,,          , ,7.64718924,-26.80389240,139.275766016713, 3.80,-1.9193777787885,B5IV        ,-0.159
27267, 37279, 61421,2943,Gl 280  A, 10Alp CMi,Procyon,7.65514946,+05.22750767,3.49735949358235,  0.38,2.66129862133236,F5IV-V      , 0.432
27412, 37447, 61935,2970,, 26Alp Mon, ,7.68746574,-09.55108315,44.2282176028306, 3.94,0.711502811726799,K0III       , 1.022
27454, 37504, 63295,3024,,   Zet Vol, ,7.69699889,-72.60613528,41.0509031198686, 3.93,0.863386419804189,K0III       , 1.033
27590, 37677, 62623,2996,,  3    Pup, ,7.73013114,-28.95483520,10000000, 3.94,-11.06,A2Iab       , 0.160
27636, 37740, 62345,2985,, 77Kap Gem, ,7.74079682,+24.39812929,43.994720633524, 3.57,0.352997178624855,G8III       , 0.932
27693, 37819, 63032,3017,,          , ,7.75425108,-37.96859848,425.531914893617, 3.62,-4.52466068864132,K4III       , 1.706
27698, 37826, 62509,2990,Gl 286   , 78Bet Gem,Pollux,7.75537884,+28.02631031,10.3369857349597,  1.14,1.06803041526218,K0IIIvar    , 0.991
27973, 38170, 63700,3045,,  7Xi  Pup, ,7.82157187,-24.85978401,413.223140495868, 3.34,-4.74092317009784,G6Ia        , 1.218
28167, 38414, 64440,3080,,          , ,7.87029041,-40.57579889,105.708245243129, 3.71,-1.41054431799104,G5III...    , 1.012
28474, 38827, 65575,3117,,   Chi Car, ,7.94631715,-52.98240062,118.623962040332, 3.46,-1.91086212687629,B3IVp       ,-0.177
28941, 39429, 66811,3165,,   Zet Pup, ,8.0597417,-40.00318846,429.184549356223, 2.21,-5.9532203948699,O5IAf       ,-0.269
29194, 39757, 67523,3185,, 15Rho Pup, ,8.12575059,-24.30443677,19.2344681669552, 2.83,1.4095990871679,F2mF5IIp    , 0.458
29352, 39953, 68273,3207,,   Gam2Vel, ,8.15887648,-47.33661177,257.731958762887, 1.75,-5.30584137202896,WC8 + O9I   ,-0.145
29788, 40526, 69267,3249,, 17Bet Cnc, ,8.2752634,+09.18566295,89.0471950133571, 3.53,-1.21810121869271,K4III       , 1.481
30188, 41037, 71129,3307,,   Eps Car, ,8.37524019,-59.50953829,193.798449612403, 1.86,-4.57675149186394,K3III+B2V   , 1.196
30401, 41307, 71155,3314,,          , ,8.42768636,-03.90636482,38.3288616328095, 3.91,0.992370395501105,A0V         ,-0.012
30405, 41312, 71878,3347,NN 3499  ,   Bet Vol, ,8.42895729,-66.13652042,33.101621979477,  3.76,1.1607536263664,K2IIIvar    , 1.132
30708, 41704, 71369,3323,,  1Omi UMa, ,8.50445282,+60.71843110,56.3063063063063, 3.35,-0.402785192787088,G4II-III    , 0.856
31345, 42515, 74006,3438,,   Bet Pyx, ,8.66837126,-35.30830091,119.047619047619, 3.97,-1.40860356969059,G5II/III    , 0.936
31362, 42536, 74195,3447,,          , ,8.67155811,-52.92197259,151.745068285281, 3.60,-2.30557292702995,B3IV        ,-0.168
31392, 42570, 74180,3445,,          , ,8.67710424,-46.64875492,952.380952380952, 3.77,-6.12405350465031,F3Ia        , 0.670
31596, 42828, 74575,3468,,   Alp Pyx, ,8.72654096,-33.18641133,259.067357512953, 3.68,-3.38706347664122,B1.5III     ,-0.180
31661, 42911, 74442,3461,, 47Del Cnc, ,8.7447528,+18.15486399,41.7188151856487, 3.94,0.83834017016827,K0III       , 1.083
31663, 42913, 74956,3485,Gl 321.3A,   Del Vel, ,8.7450548,-54.70856797,24.4498777506112,  2.02,0.0786165400367091,A1V         , 0.043
31751, 43023, 75063,3487,,          , ,8.7671263,-46.04153920,476.190476190476, 3.87,-4.5189035263304,A1III       , 0.015
31822, 43109, 74874,3482,, 11Eps Hya, ,8.77962395,+06.41890691,41.4421881475342, 3.38,0.292786609543929,G0III-IV    , 0.685
32342, 43783, 76728,3571,,          , ,8.91746157,-60.64471195,95.6937799043062, 3.84,-1.06441854776464,B8III       ,-0.104
32366, 43813, 76294,3547,, 16Zet Hya, ,8.92324579,+05.94552770,46.2107208872458, 3.11,-0.213713717827341,G8III-IV    , 0.978
32617, 44127, 76644,3569,Gl 331  A,  9Iot UMa, ,8.98689965,+48.04234956,14.6370023419204,  3.14,2.31273928840474,A7IV        , 0.223
32886, 44471, 77327,3594,, 12Kap UMa, ,9.06043299,+47.15665934,129.70168612192, 3.57,-1.99472810974521,A1Vn        , 0.007
32915, 44511, 78004,3614,,          , ,9.0692557,-47.09771376,94.7867298578199, 3.75,-1.13373770183144,K2III       , 1.174
33156, 44816, 78647,3634,,   Lam Vel, ,9.13327141,-43.43262406,175.746924428823, 2.23,-3.99443866802464,K4Ib-II     , 1.665
33351, 45080, 79351,3659,,          , ,9.18280702,-58.96693014,128.369704749679, 3.43,-2.11231271163718,B2IV        ,-0.190
33367, 45101, 79447,3663,,          , ,9.18799107,-62.31701587,153.139356814701, 3.96,-1.96543409362463,B3IV        ,-0.180
33465, 45238, 80007,3685,,   Bet Car, ,9.22006688,-69.71747245,34.0831629175187, 1.67,-0.992699452463681,A2IV        , 0.070
33540, 45336, 79469,3665,, 22The Hya, ,9.23938701,+02.31502422,39.4632991318074, 3.89,0.909033052737113,B9.5V       ,-0.060
33713, 45556, 80404,3699,,   Iot Car, ,9.28484122,-59.27526115,212.314225053079, 2.21,-4.42489546435552,A8Ib        , 0.189
33810, 45688, 80081,3690,, 38    Lyn, ,9.31407426,+36.80289763,37.3831775700935, 3.82,0.956618931786236,A1V         , 0.066
33947, 45860, 80493,3705,, 40Alp Lyn, ,9.35096077,+34.39252592,68.073519400953, 3.14,-1.02489102104872,M0IIIvar    , 1.550
34012, 45941, 81188,3734,,   Kap Vel, ,9.36856367,-55.01069531,165.289256198347, 2.47,-3.62122312673766,B2IV        ,-0.141
34371, 46390, 81797,3748,, 30Alp Hya,Alphard,9.45979217,-08.65868335,54.3478260869565, 1.99,-1.68591088495232,K3III       , 1.440
34614, 46701, 82668,3803,,          , ,9.52037604,-57.03439160,72.8862973760933, 3.16,-1.15322944314634,K5III       , 1.538
34640, 46733, 81937,3757,NN 3559  , 23    UMa, ,9.52543601,+63.06179545,23.1481481481481,  3.67,1.84741873407456,F0IV        , 0.360
34738, 46853, 82328,3775,Gl 354  A, 25The UMa, ,9.54786812,+51.67860208,13.4861766689144,  3.17,2.520555776822,F6IV        , 0.475
35170, 47431, 83618,3845,, 35Iot Hya, ,9.66425943,-01.14265722,84.530853761623, 3.90,-0.735076276860348,K3IIIvar    , 1.313
35227, 47508, 83808,3852,, 14Omi Leo, ,9.68586607,+09.89239902,41.4593698175788, 3.52,0.431886517340569,A5V+...     , 0.516
35486, 47854, 84810,3884,,          , ,9.75411876,-62.50792328,462.962962962963, 3.69,-4.63773124424534,G5Iab/Ib    , 1.010
35524, 47908, 84441,3873,, 17Eps Leo, ,9.76419511,+23.77427792,76.8639508070715, 2.97,-1.45861351719207,G0II        , 0.808
35592, 48002, 85123,3890,,   Ups Car, ,9.78503822,-65.07201888,497.512437810945, 2.92,-5.56401971289756,A9          , 0.273
35837, 48319, 84999,3888,, 29Ups UMa, ,9.84991436,+59.03910437,35.2733686067019, 3.78,1.04276531614463,F0IV        , 0.291
35934, 48455, 85503,3905,, 24Mu  Leo, ,9.87943268,+26.00708498,40.7830342577488, 3.88,0.827602329231887,K0III       , 1.222
36161, 48774, 86440,3940,,   Phi Vel, ,9.94770968,-54.56779730,591.715976331361, 3.52,-5.34056647693163,B5Ib        ,-0.067
36763, 49583, 87737,3975,, 30Eta Leo, ,10.12220929,+16.76266572,653.59477124183, 3.48,-5.596542845912,A0Ib        ,-0.031
36830, 49669, 87901,3982,, 32Alp Leo,Regulus,10.13957205,+11.96719513,23.7586124970302, 1.36,-0.519105371259887,B7V         ,-0.087
36946, 49841, 88284,3994,, 41Lam Hya, ,10.17649919,-12.35383921,35.1617440225035, 3.61,0.879647960288644,K0III       , 1.007
37140, 50099, 89080,4037,,   Ome Car, ,10.22896636,-70.03792169,113.507377979569, 3.29,-1.98512045793976,B8III       ,-0.074
37198, 50191, 88955,4023,,          , ,10.24563159,-42.12206281,31.5258511979823, 3.85,1.35666589322783,A2V         , 0.051
37309, 50335, 89025,4031,, 36Zet Leo, ,10.27816787,+23.41732840,79.6178343949044, 3.43,-1.07505180299411,F0III       , 0.307
37338, 50371, 89388,4050,,          , ,10.28472369,-61.33231977,225.733634311512, 3.39,-3.37798136888465,K3II        , 1.541
37339, 50372, 89021,4033,, 33Lam UMa, ,10.2849797,+42.91446855,41.2031314379893, 3.45,0.375348881659674,A2IV        , 0.029
37506, 50583, 89484,4057,, 41Gam1Leo,Algieba,10.3328227,+19.84186032,38.5208012326656, 2.01,-0.918476559358342,K0III       , 1.128
37662, 50801, 89758,4069,, 34Mu  UMa, ,10.37216756,+41.49943350,76.27765064836, 3.06,-1.35198654154958,M0III SB    , 1.603
37781, 50954, 90589,4102,Gl 391   ,          , ,10.40659458,-74.03154474,16.215339711367,  4.00,2.95036974213152,F2IV        , 0.369
37870, 51069, 90432,4094,, 42Mu  Hya, ,10.43486251,-16.83609584,76.103500761035, 3.83,-0.57702317388119,K4III       , 1.456
37999, 51232, 90853,4114,,          , ,10.4646514,-58.73940856,319.488817891374, 3.81,-3.71227831226776,F2II        , 0.317
38264, 51576, 91465,4140,,          , ,10.5337455,-61.68536031,152.439024390244, 3.30,-2.6154808031217,B4Vne       ,-0.089
38302, 51624, 91316,4133,, 47Rho Leo, ,10.5468542,+09.30659431,1754.38596491228, 3.84,-7.38062572163754,B1Ib SB     ,-0.148
38557, 51986, 92139,4167,,          , ,10.62173798,-48.22561631,26.5181649429859, 3.84,1.7222826620281,A3m+...     , 0.300
38870, 52419, 93030,4199,,   The Car, ,10.71595186,-64.39447937,134.589502018843, 2.74,-2.90505593119712,B0Vp        ,-0.220
39097, 52727, 93497,4216,,   Mu  Vel, ,10.77947836,-49.42012517,35.486160397445, 2.69,-0.0602950561333118,G5III SB    , 0.901
39238, 52943, 93813,4232,,   Nu  Hya, ,10.82706446,-16.19413208,42.4808836023789, 3.11,-0.0309677074629202,K0/K1III    , 1.232
39447, 53229, 94264,4247,, 46    LMi, ,10.88851107,+34.21556641,29.940119760479, 3.79,1.40873233405782,K0III-IV    , 1.040
39461, 53253, 94510,4257,Gl 404.1 ,          , ,10.89154617,-58.85326474,29.6647878967665,  3.78,1.41879376260486,K0III-IV... , 0.945
39924, 53910, 95418,4295,Wo 9343  , 48Bet UMa,Merak,11.0306641,+56.38234478,24.3486729973216,  2.37,0.437623514268262,A1V         , 0.033
40027, 54061, 95689,4301,, 50Alp UMa,Dubhe,11.06217691,+61.75111888,37.9075056861259, 1.81,-1.08362604394827,F7V comp    , 1.061
40321, 54463, 96918,4337,,          , ,11.14316545,-58.97504198,1818.18181818182, 3.93,-7.36818655252878,G0Ia0       , 1.225
40371, 54539, 96833,4335,, 52Psi UMa, ,11.16107206,+44.49855337,45.024763619991, 3.00,-0.26725720725763,K1III       , 1.144
40626, 54872, 97603,4357,Gl 419   , 68Del Leo, ,11.23511447,+20.52403384,17.6928520877565,  2.56,1.32101076588261,A4V         , 0.128
40631, 54879, 97633,4359,, 70The Leo, ,11.23734469,+15.42976310,54.4662309368192, 3.33,-0.350636615673881,A2V         ,-0.003
40863, 55219, 98262,4377,, 54Nu  UMa, ,11.30798759,+33.09423881,129.198966408269, 3.49,-2.06629519658554,K3III SB    , 1.400
40910, 55282, 98430,4382,, 12Del Crt, ,11.3223674,-14.77904358,59.7014925373134, 3.56,-0.319925943135679,K0III       , 1.112
41014, 55425, 98718,4390,,   Pi  Cen, ,11.35012284,-54.49101395,98.5221674876847, 3.90,-1.06766978875384,B5Vn        ,-0.157
41155, 55642, 99028,4399,, 78Iot Leo, ,11.39871355,+10.52969772,24.2365487154629, 4.00,2.07764611818566,F2IV SB     , 0.423
41542, 56211,100029,4434,,  1Lam Dra, ,11.52341346,+69.33112161,102.459016393443, 3.82,-1.23275091166654,M0IIIvar    , 1.613
41635, 56343,100407,4450,,   Xi  Hya, ,11.55007195,-31.85752405,39.6353547364249, 3.54,0.549586252587873,G8III       , 0.947
41784, 56561,100841,4467,,   Lam Cen, ,11.59636896,-63.01982488,125.628140703518, 3.11,-2.38543466131165,B9II:       ,-0.044
42344, 57363,102249,4520,,   Lam Mus, ,11.76015759,-66.72884344,39.33910306845, 3.63,0.655877731089947,A7III       , 0.160
42368, 57399,102224,4518,, 63Chi UMa, ,11.76753725,+47.77933701,60.0961538461538, 3.69,-0.204233390226474,K0III       , 1.181
42525, 57632,102647,4534,Gl 448   , 94Bet Leo,Denebola,11.81774398,+14.57233687,11.0913930789707,  2.14,1.91506951519025,A3Vvar      , 0.090
42598, 57757,102870,4540,Gl 449   ,  5Bet Vir, ,11.8448017,+01.76537705,10.9003706126008,  3.61,3.42279367897982,F8V         , 0.518
42763, 58001,103287,4554,, 64Gam UMa,Phad,11.89715035,+53.69473296,25.6476019492177, 2.41,0.364766175939929,A0V SB      , 0.044
43573, 59196,105435,4621,,   Del Cen, ,12.13931767,-50.72240999,121.212121212121, 2.58,-2.83773025725037,B2IVne      ,-0.128
43652, 59316,105707,4630,,  2Eps Crv, ,12.16875718,-22.61979211,93.0232558139535, 3.02,-1.82295767874188,K2III       , 1.326
43743, 59449,105937,4638,,   Rho Cen, ,12.19420872,-52.36841559,104.931794333683, 3.97,-1.13453549680837,B3V         ,-0.156
43947, 59747,106490,4656,,   Del Cru, ,12.25243248,-58.74890179,111.607142857143, 2.79,-2.44845995168937,B2IV        ,-0.193
43967, 59774,106591,4660,Gl 459   , 69Del UMa, ,12.25706919,+57.03259792,24.9687890137328,  3.30,1.31301260210128,A3Vvar      , 0.077
43988, 59803,106625,4662,,  4Gam Crv, ,12.26346329,-17.54198370,50.5561172901921, 2.58,-0.938868563694196,B8III       ,-0.107
44220, 60129,107259,4689,, 15Eta Vir, ,12.33177539,-00.66674709,76.5696784073507, 3.89,-0.530284115304724,A2IV        , 0.026
44312, 60260,107446,4700,,   Eps Cru, ,12.35605869,-60.40136988,69.9300699300699, 3.59,-0.63331981267469,K3/K4III    , 1.389
44632, 60718,108248,4730,,   Alp1Cru,Acrux,12.44331705,-63.09905586,98.3284169124877, 0.77,-4.19339523538628,B0.5IV      ,-0.243
44708, 60823,108483,4743,,   Sig Cen, ,12.46733655,-50.23060480,135.869565217391, 3.91,-1.75561092831251,B3V         ,-0.192
44806, 60965,108767,4757,,  7Del Crv, ,12.4977731,-16.51509397,26.9469145782808, 2.94,0.787454771743915,B9.5V       ,-0.012
44890, 61084,108903,4763,,   Gam Cru, ,12.5194248,-57.11256922,26.9614451334592, 1.59,-0.563715833356949,M4III       , 1.600
44963, 61199,109026,4773,,   Gam Mus, ,12.54114193,-72.13297590,99.304865938431, 3.84,-1.14485264723191,B5V         ,-0.157
45013, 61281,109387,4787,,  5Kap Dra, ,12.55806736,+69.78820992,152.671755725191, 3.85,-2.06879350004108,B6IIIp      ,-0.116
45073, 61359,109379,4786,,  9Bet Crv, ,12.57312057,-23.39662306,42.8449014567267, 2.65,-0.509495741453243,G5II        , 0.893
45220, 61585,109668,4798,,   Alp Mus, ,12.61974547,-69.13553358,93.7207122774133, 2.69,-2.16917790287765,B2IV-V      ,-0.176
45243, 61622,109787,4802,,   Tau Cen, ,12.62842439,-48.54128816,40.371417036738, 3.85,0.819630032929185,A2V         , 0.049
45444, 61932,110304,4819,,   Gam Cen, ,12.69200138,-48.95988553,39.984006397441, 2.20,-0.809431541347487,A1IV        ,-0.023
45451, 61941,110379,4825,Gl 482  A, 29Gam Vir, ,12.69444503,-01.44952231,11.8301194842068,  3.46,3.09505434487826,F0V+...     , 0.368
45699, 62322,110879,4844,,   Bet Mus, ,12.77135267,-68.10809405,95.4198473282443, 3.04,-1.85819358676146,B2V         ,-0.178
45767, 62434,111123,4853,,   Bet Cru, ,12.79536635,-59.68873246,108.108108108108, 1.25,-3.91929133630484,B0.5III     ,-0.238
46117, 62956,112185,4905,, 77Eps UMa,Alioth,12.9004536,+55.95984301,24.8138957816377, 1.76,-0.213474769294453,A0p         ,-0.022
46201, 63090,112300,4910,, 43Del Vir, ,12.92680091,+03.39759862,62.0732464307883, 3.39,-0.574522297903909,M3III       , 1.571
46223, 63125,112413,4915,, 12Alp2CVn, ,12.9338447,+38.31824617,33.7837837837838, 2.89,0.246458555294693,A0spe...    ,-0.115
46533, 63608,113226,4932,, 47Eps Vir,Vindemiatrix,13.03632237,+10.95910186,31.3479623824451, 2.85,0.368953415285906,G8IIIvar    , 0.934
46536, 63613,112985,4923,,   Del Mus, ,13.03771597,-71.54879865,27.8473962684489, 3.61,1.38607702563037,K2III       , 1.190
47425, 64962,115659,5020,, 46Gam Hya, ,13.31534816,-23.17141246,40.5022276225192, 2.99,-0.0473945503403379,G8III       , 0.920
47527, 65109,115892,5028,Gl 508.1 ,   Iot Cen, ,13.34335154,-36.71208109,17.9726815240834,  2.75,1.47693560660004,A2V         , 0.068
47710, 65378,116656,5054,NN 3783 A, 79Zet UMa,Mizar,13.39872773,+54.92541525,23.9635753654445,  2.25,0.352241923558545,A2V         , 0.057
47773, 65474,116658,5056,, 67Alp Vir,Spica,13.41989015,-11.16124491,80.3858520900322, 0.98,-3.545898098226,B1V         ,-0.235
48088, 65936,117440,5089,,          , ,13.5174079,-39.40727983,384.615384615385, 3.90,-4.02513326014591,G8II/III    , 1.186
48306, 66249,118098,5107,NN 3792  , 79Zet Vir, ,13.5782652,-00.59593821,22.4466891133558,  3.37,1.61423854186447,A3V         , 0.114
48596, 66657,118716,5132,,   Eps Cen, ,13.66479797,-53.46636269,115.207373271889, 2.29,-3.01740137411754,B1III       ,-0.171
49038, 67301,120315,5191,, 85Eta UMa,Alkaid,13.79237392,+49.31330288,30.8737264587836, 1.85,-0.597945259949115,B3V SB      ,-0.099
49143, 67464,120307,5190,,   Nu  Cen, ,13.82508261,-41.68765971,145.560407569141, 3.41,-2.40521631470225,B2IV        ,-0.225
49150, 67472,120324,5193,,   Mu  Cen, ,13.82694662,-42.47368506,161.550888529887, 3.47,-2.57154675489941,B2IV-Ve     ,-0.170
49456, 67927,121370,5235,Gl 534   ,  8Eta Boo, ,13.91142116,+18.39858742,11.3417262107293,  2.68,2.40660420396138,G0IV        , 0.580
49509, 68002,121263,5231,,   Zet Cen, ,13.92567635,-47.28826634,117.924528301887, 2.55,-2.80802073871643,B2.5IV      ,-0.176
49660, 68245,121743,5248,,   Phi Cen, ,13.97119018,-42.10070526,142.65335235378, 3.83,-1.94140991016671,B2IV        ,-0.224
49683, 68282,121790,5249,,   Ups1Cen, ,13.97799204,-44.80353140,128.040973111396, 3.87,-1.6667448306135,B2IV-V      ,-0.208
49969, 68702,122451,5267,,   Bet Cen,Hadar,14.06373459,-60.37297840,161.030595813205, 0.61,-5.4245419991171,B1III       ,-0.231
50004, 68756,123299,5291,, 11Alp Dra, ,14.07317389,+64.37580873,94.6969696969697, 3.67,-1.21168040901103,A0III SB    ,-0.049
50094, 68895,123123,5287,Gl 538.1 , 49Pi  Hya, ,14.10618582,-26.68201883,31.0848616723656,  3.27,0.807255304509849,K2III       , 1.091
50118, 68933,123139,5288,Gl 539   ,  5The Cen, ,14.11147907,-36.36869575,18.6846038863976,  2.06,0.702580523798834,K0IIIb      , 1.011
50628, 69673,124897,5340,Gl 541   , 16Alp Boo,Arcturus,14.2612076,+19.18726997,11.2549240292628, -0.10,-0.356712839293398,K2IIIp      , 1.239
50847, 69996,125238,5354,,   Iot Lup, ,14.32339798,-46.05808391,107.874865156419, 3.55,-1.61460132927752,B2.5IV      ,-0.184
51524, 71053,127665,5429,, 25Rho Boo, ,14.53051606,+30.37114497,45.6204379562044, 3.57,0.274202749061658,K3III       , 1.298
51541, 71075,127762,5435,, 27Gam Boo, ,14.53465494,+38.30788348,26.1164794985636, 3.04,0.955426831738438,A7IIIvar    , 0.191
51714, 71352,127972,5440,,   Eta Cen, ,14.5917921,-42.15774562,94.6073793755913, 2.33,-2.54962506346287,B1Vn + A    ,-0.157
51923, 71681,128621,5460,Gl 559  B,   Alp2Cen,Rigel Kentaurus B,14.66094188,-60.83947139,1.34749097181049,  1.34,5.69237067952252,K1V         , 0.900
51926, 71683,128620,5459,Gl 559  A,   Alp1Cen,Rigel Kentaurus A,14.66136068,-60.83514707,1.34749097181049,  0.01,4.36237067952252,G2V         , 0.710
52000, 71795,129246,5477,, 30Zet Boo, ,14.68581121,+13.72833113,55.3403431101273, 3.78,0.0647907628046589,A3IVn       , 0.044
52045, 71860,129056,5469,,   Alp Lup, ,14.69882606,-47.38814127,168.067226890756, 2.30,-3.82741517135725,B1.5III     ,-0.154
52082, 71908,128898,5463,Gl 560  A,   Alp Cir, ,14.70852362,-64.97456957,16.4015089388224,  3.19,2.1155809751096,F1Vp        , 0.256
52116, 71957,129502,5487,Wo 9491  ,107Mu  Vir, ,14.71765618,-05.65742910,18.677624206201,  3.88,2.52339183425457,F2III       , 0.385
52212, 72105,129988,5505,, 36Eps Boo,Izar,14.74979191,+27.07417383,64.3086816720257, 2.35,-1.69134803318572,A0          , 0.966
52290, 72220,130109,5511,,109    Vir, ,14.77083106,+01.89293830,39.4477317554241, 3.73,0.749889818346774,A0V         ,-0.005
52390, 72370,129078,5470,,   Alp Aps, ,14.79770171,-79.04471242,126.103404791929, 3.83,-1.67363406341198,K5III       , 1.433
52554, 72607,131873,5563,,  7Bet UMi,Kochab,14.84510983,+74.15547596,38.7747188832881, 2.07,-0.872743289310312,K4IIIvar    , 1.465
52562, 72622,130841,5531,Gl 564.1 ,  9Alp2Lib, ,14.84799369,-16.04161047,23.6686390532544,  2.75,0.879133566428556,A3IV        , 0.147
53019, 73273,132058,5571,,   Bet Lup, ,14.97554279,-43.13386699,160.513643659711, 2.68,-3.34755976670415,B2III       ,-0.184
53060, 73334,132200,5576,,   Kap Cen, ,14.9860275,-42.10414199,165.289256198347, 3.13,-2.96122312673766,B2IV        ,-0.208
53203, 73555,133208,5602,, 42Bet Boo, ,15.03244253,+40.39063671,67.0690811535882, 3.49,-0.642611782735027,G8III       , 0.956
53308, 73714,133216,5603,, 20Sig Lib, ,15.06785052,-25.28185602,89.5255147717099, 3.25,-1.50973413442196,M3/M4III    , 1.674
53371, 73807,133242,5605,,   Pi  Lup, ,15.08530713,-47.05119386,152.439024390244, 3.91,-2.0054808031217,B5          ,-0.144
53764, 74376,134481,5646,,   Kap1Lup, ,15.19893362,-48.73770212,55.8971492453885, 3.88,0.143051702836865,B9V         ,-0.029
53779, 74395,134505,5649,Wo 9512 A,   Zet Lup, ,15.20477865,-52.09907465,35.6379187455453,  3.41,0.650438333461706,G8III       , 0.918
53953, 74666,135722,5681,, 49Del Boo, ,15.25836216,+33.31510222,35.7909806728704, 3.46,0.691132008890816,G8III       , 0.961
54037, 74785,135742,5685,, 27Bet Lib, ,15.28346439,-09.38286694,49.0677134445535, 2.61,-0.843979101647962,B8V         ,-0.071
54151, 74946,135382,5671,,   Gam TrA, ,15.31519133,-68.67946723,56.0224089635854, 2.87,-0.87180889775894,A1V         , 0.014
54251, 75097,137422,5735,, 13Gam UMi, ,15.34548589,+71.83397308,147.275405007364, 3.00,-2.84065112859749,A3II-III    , 0.058
54283, 75141,136298,5695,,   Del Lup, ,15.35620455,-40.64745946,156.494522691706, 3.22,-2.752495709208,B1.5IV      ,-0.227
54307, 75177,136422,5705,,   Phi1Lup, ,15.36345457,-36.26116729,100.1001001001, 3.57,-1.43217255887009,K5III       , 1.534
54362, 75264,136504,5708,,   Eps Lup, ,15.37802431,-44.68957314,154.559505409583, 3.37,-2.5754785966565,B2IV-V      ,-0.191
54497, 75458,137759,5744,, 12Iot Dra, ,15.41549558,+58.96602354,31.328320802005, 3.29,0.81031441339346,K2III       , 1.166
54650, 75695,137909,5747,,  3Bet CrB, ,15.46384775,+29.10549164,34.965034965035, 3.66,0.941830165645215,F0p         , 0.319
55027, 76267,139006,5793,,  5Alp CrB,Alphekka,15.57810819,+26.71491041,22.9095074455899, 2.22,0.419921240207943,A0V         , 0.032
55031, 76276,138917,5788,, 13Del Ser, ,15.58005284,+10.53885916,64.3500643500644, 3.80,-0.242744927675523,F0IV        , 0.268
55049, 76297,138690,5776,,   Gam Lup, ,15.58568343,-41.16669497,173.913043478261, 2.80,-3.40166077655185,B2IV        ,-0.216
55074, 76333,138905,5787,NN 3912  , 38Gam Lib, ,15.59209426,-14.78955365,46.6853408029879,  3.90,0.554097332479185,K0III       , 1.007
55172, 76470,139063,5794,, 39Ups Lib, ,15.61707183,-28.13507099,59.6658711217184, 3.60,-0.27862992852871,K3III       , 1.361
55262, 76600,139365,5812,, 40Tau Lib, ,15.64427343,-29.77768935,136.425648021828, 3.66,-2.01448012679436,B2.5V       ,-0.177
55508, 76952,140436,5849,,  8Gam CrB, ,15.71239951,+26.29551419,44.4839857651246, 3.81,0.568981534485117,A1Vs        , 0.020
55587, 77070,140573,5854,Gl 596.2 , 24Alp Ser,Unukalhai,15.7377766,+06.42551971,22.4517287831163,  2.64,0.883751063490097,K2III       , 1.167
55688, 77233,141003,5867,, 28Bet Ser, ,15.76978191,+15.42192602,46.9263256687001, 3.65,0.29291724857101,A3V         , 0.073
55882, 77516,141513,5881,, 32Mu  Ser, ,15.82701825,-03.43014112,47.7554918815664, 3.54,0.144883386714118,A0V         ,-0.036
55947, 77622,141795,5892,NN 3921  , 37Eps Ser, ,15.84691422,+04.47757980,21.5563699073076,  3.71,2.0421218625938,A2m         , 0.147
55955, 77634,141556,5883,,  5Chi Lup, ,15.84931715,-33.62710488,63.0517023959647, 3.97,-0.028484085092074,B9.5III-IV  ,-0.045
56159, 77952,141891,5897,Gl 601  A,   Bet TrA, ,15.91911334,-63.42974973,12.3092072870507,  2.84,2.38884957366385,F2III       , 0.315
56242, 78072,142860,5933,Gl 603   , 41Gam Ser, ,15.94083173,+15.66473327,11.1209964412811,  3.85,3.61928149112493,F6V         , 0.478
56260, 78104,142669,5928,,  5Rho Sco, ,15.94807962,-29.21401221,125.470514429109, 3.87,-1.62270839301944,B2IV/V      ,-0.199
56365, 78265,143018,5944,,  6Pi  Sco, ,15.98086685,-26.11404280,140.845070422535, 2.89,-2.85370825640462,B1V + B2V   ,-0.180
56446, 78384,143118,5948,,   Eta Lup, ,16.00203902,-38.39664079,151.285930408472, 3.42,-2.4789927025718,B2.5IV      ,-0.206
56460, 78401,143275,5953,,  7Del Sco, ,16.00555881,-22.62162024,123.152709359606, 2.29,-3.16221985379412,B0.2IV      ,-0.117
56747, 78820,144217,5984,,  8Bet1Sco, ,16.0906208,-19.80539286,162.60162601626, 2.56,-3.49562442112292,B0.5V       ,-0.065
56828, 78933,144470,5993,,  9Ome1Sco, ,16.11345346,-20.66913479,129.87012987013, 3.93,-1.63754637413759,B1V         ,-0.046
57143, 79374,145502,6027,, 14Nu  Sco, ,16.19992791,-19.46064684,133.868808567604, 4.00,-1.63339699092301,B2IV        , 0.076
57295, 79593,146051,6056,,  1Del Oph, ,16.23910173,-03.69397562,52.1920668058455, 2.73,-0.858022476287371,M1III       , 1.584
57345, 79664,145544,6030,,   Del TrA, ,16.25729615,-63.68564897,190.47619047619, 3.86,-2.53920348297022,G5II        , 1.105
57489, 79882,146791,6075,NN 3949  ,  2Eps Oph, ,16.30534466,-04.69260809,32.95978905735,  3.24,0.650077882253559,G8III       , 0.966
57559, 79992,147394,6092,, 22Tau Her, ,16.3290133,+46.31327084,96.4320154291225, 3.91,-1.0111062180548,B5IV        ,-0.151
57640, 80112,147165,6084,, 20Sig Sco, ,16.35314514,-25.59275259,225.225225225225, 2.90,-3.8630851494269,B1III       , 0.299
57682, 80170,147547,6095,, 20Gam Her, ,16.36534546,+19.15302185,59.9161174355902, 3.74,-0.147718316603766,A9III       , 0.299
57797, 80331,148387,6132,Gl 624.1A, 14Eta Dra, ,16.39986301,+61.51407536,26.8961807423346,  2.74,0.5915469271794,G8III       , 0.910
58094, 80763,148478,6134,, 21Alp Sco,Antares,16.49012986,-26.43194608,185.185185185185, 1.06,-5.27803120088516,M1Ib + B2.5V, 1.865
58128, 80816,148856,6148,, 27Bet Her, ,16.50368379,+21.48964850,45.3103760761214, 2.78,-0.500988334191725,G8III       , 0.947
58171, 80883,148857,6149,, 10Lam Oph, ,16.51523367,+01.98410056,50.9424350483953, 3.82,0.284601498000031,A2V         , 0.022
58299, 81065,147675,6102,Gl 626.1 ,   Gam Aps, ,16.55762893,-78.89695917,48.9236790606654,  3.89,0.442404457313376,K0IV SB     , 0.923
58437, 81266,149438,6165,, 23Tau Sco, ,16.59804428,-28.21596156,131.752305665349, 2.82,-2.7787911205226,B0V         ,-0.206
58518, 81377,149757,6175,, 13Zet Oph, ,16.61931389,-10.56715180,140.449438202247, 2.54,-3.19760003181572,O9.5V       , 0.038
58736, 81693,150680,6212,Gl 635  A, 40Zet Her, ,16.68818808,+31.60188695,10.7956385620209,  2.91,2.74375832025689,F9IV        , 0.650
58841, 81833,150997,6220,, 44Eta Her, ,16.71492737,+38.92246103,34.3524562006183, 3.48,0.800211027194054,G8III-IV    , 0.916
59165, 82273,150798,6217,,   Alp TrA, ,16.81107382,-69.02763503,127.388535031847, 1.91,-3.61565171627374,K2IIb-IIIa  , 1.447
59229, 82363,151249,6229,,   Eta Ara, ,16.82975317,-59.04131648,96.0614793467819, 3.77,-1.14274635244732,K5III       , 1.562
59254, 82396,151680,6241,, 26Eps Sco, ,16.83617915,-34.29260982,20.0601805416249, 2.29,0.778325813238373,K2IIIb      , 1.144
59345, 82514,151890,6247,,   Mu 1Sco, ,16.86451079,-38.04732717,251.889168765743, 3.00,-4.00604746618442,B1.5IV + B  ,-0.200
59369, 82545,151985,6252,,   Mu 2Sco, ,16.87226486,-38.01747781,158.478605388273, 3.56,-2.43985320377933,B2IV        ,-0.210
59500, 82729,152334,6271,,   Zet2Sco, ,16.90975143,-42.36075916,46.1467466543609, 3.62,0.299294556599091,K4III       , 1.393
59691, 83000,153210,6299,, 27Kap Oph, ,16.96118627,+09.37505626,26.3227165043432, 3.19,1.0883464677736,K2IIIvar    , 1.160
59749, 83081,152786,6285,Wo 9581  ,   Zet Ara, ,16.97700854,-55.99005508,176.056338028169,  3.12,-3.1082583214449,K5III       , 1.552
59842, 83207,153808,6324,, 58Eps Her, ,17.00483505,+30.92633926,49.9001996007984, 3.92,0.429488585976041,A0V         ,-0.018
60353, 83895,155763,6396,, 22Zet Dra, ,17.1464514,+65.71463676,104.166666666667, 3.17,-1.91864383480216,B6III       ,-0.120
60441, 84012,155125,6378,Gl 656.1A, 35Eta Oph, ,17.17296177,-15.72514757,25.7931390250193,  3.02,0.96247900503605,A2.5Va      , 0.059
60538, 84143,155203,6380,Gl 657   ,   Eta Sco, ,17.20254886,-43.23849039,21.9490781387182,  3.33,1.62291857703531,F3p         , 0.441
60677, 84345,156014,6406,, 64Alp1Her,Rasalgethi,17.24412845,+14.39025314,117.233294255569, 2.78,-2.56525484416239,M5IIvar     , 1.164
60696, 84379,156164,6410,NN 3995 A, 65Del Her, ,17.25053449,+24.83958739,24.0673886883273,  3.14,1.23285514060065,A3IVv SB    , 0.080
60697, 84380,156283,6418,, 67Pi  Her, ,17.25079285,+36.80915527,112.485939257593, 3.16,-2.09549119514893,K3IIvar     , 1.437
61139, 84970,157056,6453,, 42The Oph, ,17.36682891,-24.99948797,172.711571675302, 3.27,-2.91660718136282,B2IV        ,-0.186
61345, 85258,157244,6461,,   Bet Ara, ,17.42166588,-55.52982397,184.842883548983, 2.84,-3.49401367446715,K3Ib-II     , 1.479
61352, 85267,157246,6462,,   Gam Ara, ,17.42323884,-56.37768824,348.432055749129, 3.31,-4.40059051633004,B1Ib        ,-0.150
61657, 85670,159181,6536,, 23Bet Dra, ,17.5072158,+52.30135901,110.864745011086, 2.79,-2.43396731229029,G2II        , 0.954
61677, 85696,158408,6508,, 34Ups Sco, ,17.512733,-37.29574016,158.982511923688, 2.70,-3.30674677277365,B2IV        ,-0.179
61698, 85727,158094,6500,,   Del Ara, ,17.51832693,-60.68360667,57.4052812858783, 3.60,-0.194759246641778,B8V         ,-0.104
61747, 85792,158427,6510,,   Alp Ara, ,17.53070044,-49.87598159,74.2942050520059, 2.84,-1.51477470056021,B2Vne       ,-0.136
61845, 85927,158926,6527,, 35Lam Sco,Shaula,17.56014624,-37.10374835,215.51724137931, 1.62,-5.04741009722559,B1.5IV+...  ,-0.231
61929, 86032,159561,6556,Gl 681   , 55Alp Oph,Rasalhague,17.58222354,+12.56057584,14.3184421534937,  2.08,1.30052115348757,A5III       , 0.155
62069, 86228,159532,6553,,   The Sco, ,17.62197938,-42.99782155,83.4028356964137, 1.86,-2.74590408450576,F1II        , 0.406
62094, 86263,159876,6561,, 55Xi  Ser, ,17.62645145,-15.39840835,32.3310701584222, 3.54,0.991899600015895,F0IIIp      , 0.262
62201, 86414,160762,6588,, 85Iot Her, ,17.65774789,+46.00632216,151.975683890578, 3.82,-2.08887053193022,B3V SB      ,-0.179
62385, 86670,160578,6580,,   Kap Sco, ,17.70813327,-39.02992092,142.247510668563, 2.39,-3.37522337490088,B1.5III     ,-0.171
62441, 86742,161096,6603,, 60Bet Oph, ,17.72454914,+04.56691684,25.1382604323781, 2.76,0.758323893942084,K2III       , 1.168
62578, 86929,160635,6582,,   Eta Pav, ,17.76222289,-64.72373450,113.765642775882, 3.61,-1.67005562463114,K1III       , 1.161
62610, 86974,161797,6623,Gl 695  A, 86Mu  Her, ,17.77436636,+27.72249917,8.39983200335993,  3.42,3.79864699870449,G5IV        , 0.750
62676, 87073,161471,6615,,   Iot1Sco, ,17.79307809,-40.12698197,549.450549450549, 2.99,-5.70964306007463,F3Ia        , 0.509
62703, 87108,161868,6629,, 62Gam Oph, ,17.79821501,+02.70745875,29.0528762347472, 3.75,1.43405432995771,A0V         , 0.043
62823, 87261,161892,6630,,          , ,17.83095867,-37.04337105,38.8953714507974, 3.19,0.240510383214303,K0/K1III    , 1.192
63065, 87585,163588,6688,, 32Xi  Dra, ,17.8921193,+56.87245216,34.1763499658236, 3.73,1.06137160894646,K2III       , 1.177
63232, 87808,163770,6695,, 91The Her, ,17.93754959,+37.25052158,205.338809034908, 3.86,-2.70235519392683,K1IIvar     , 1.350
63252, 87833,164058,6705,, 33Gam Dra,Etamin,17.94343829,+51.48895101,45.2488687782805, 2.24,-1.03803863157445,K5III       , 1.521
63335, 87933,163993,6703,, 92Xi  Her, ,17.96273073,+29.24792527,41.4593698175788, 3.70,0.611886517340569,K0III       , 0.935
63408, 88048,163917,6698,, 64Nu  Oph, ,17.9837771,-09.77334973,46.8384074941452, 3.32,-0.033010603194787,K0III       , 0.987
63509, 88192,164353,6714,, 67    Oph, ,18.01075431,+02.93158759,434.782608695652, 3.93,-4.26136081991204,B5Ib        , 0.029
63828, 88635,165135,6746,, 10Gam2Sgr, ,18.09681239,-30.42365007,29.4637595757219, 2.98,0.633559189908285,K0III       , 0.981
63885, 88714,165024,6743,,   The Ara, ,18.11052188,-50.09145462,310.55900621118, 3.65,-3.81072064152084,B2Ib        ,-0.101
63931, 88771,165777,6771,Wo 9615 A, 72    Oph, ,18.12250574,+09.56365345,25.3807106598985,  3.73,1.70748110912787,A4IVs       , 0.159
63949, 88794,166014,6779,,103Omi Her, ,18.12570854,+28.76247025,106.496272630458, 3.84,-1.29667203866944,B9.5V       ,-0.018
64359, 89341,166937,6812,, 13Mu  Sgr, ,18.2293913,-21.05883031,9090.90909090909, 3.84,-10.9530365742089,B2III:      , 0.195
64594, 89642,167618,6832,,   Eta Sgr, ,18.29381366,-36.76128103,45.7247370827618, 3.10,-0.200756084811814,M2III       , 1.582
64804, 89931,168454,6859,, 19Del Sgr, ,18.34989489,-29.82803914,93.7207122774133, 2.72,-2.13917790287765,K3III       , 1.380
64810, 89937,170153,6927,Gl 713  A, 44Chi Dra, ,18.35064971,+72.73369763,8.05736846345983,  3.57,4.03903387807587,F7Vvar      , 0.489
64829, 89962,168723,6869,Gl 711   , 58Eta Ser, ,18.35525571,-02.89712200,18.9358076121947,  3.26,1.87358083744247,K0III-IV    , 0.941
64963, 90139,169414,6895,,109    Her, ,18.39493521,+21.77034249,39.3700787401575, 3.85,0.874168583099691,K2III       , 1.168
64997, 90185,169022,6879,, 20Eps Sgr,Kaus Australis,18.40287397,-34.38431460,44.3458980044346, 1.79,-1.4442672689301,B9.5III     ,-0.031
65174, 90422,169467,6897,,   Alp Tel, ,18.44956396,-45.96832919,76.4525993883792, 3.49,-0.926961280058757,B3IV        ,-0.179
65228, 90496,169916,6913,Gl 713.1 , 22Lam Sgr, ,18.46618597,-25.42124732,23.696682464455,  2.82,0.946562254808369,K1IIIb      , 1.025
65692, 91117,171443,6973,,   Alp Sct, ,18.58678829,-08.24330819,53.4188034188034, 3.85,0.211529222010433,K2III       , 1.317
65795, 91262,172167,7001,Gl 721   ,  3Alp Lyr,Vega,18.61560722,+38.78299311,7.75614674629644,  0.03,0.581769913320011,A0Vvar      ,-0.001
66393, 92041,173300,7039,, 27Phi Sgr, ,18.76093138,-26.99077940,70.7213578500707, 3.17,-1.0777529526956,B8.5III     ,-0.107
66674, 92420,174638,7106,, 10Bet Lyr, ,18.83466497,+33.36267788,270.27027027027, 3.52,-3.63899137966502,A8:V comp SB, 0.003
67014, 92855,175191,7121,, 34Sig Sgr,Nunki,18.92108797,-26.29659428,68.7757909215956, 2.05,-2.1371779673849,B2.5V       ,-0.134
67193, 93085,175775,7150,, 37Xi 2Sgr, ,18.96216103,-21.10662433,114.155251141553, 3.52,-1.7674794691596,G8/K0II/III , 1.151
67277, 93194,176437,7178,, 14Gam Lyr, ,18.98239571,+32.68955312,194.552529182879, 3.25,-3.19518440502362,B9III       ,-0.049
67523, 93506,176687,7194,, 38Zet Sgr, ,19.04353428,-29.88011429,27.3149412728763, 2.60,0.417998644407656,A3IV        , 0.062
67665, 93683,177241,7217,Wo 9641  , 39Omi Sgr, ,19.07803717,-21.74135451,42.571306939123,  3.77,0.624415083888029,K0III       , 1.012
67718, 93747,177724,7235,NN 4095 A, 17Zet Aql, ,19.09017012,+13.86370983,25.5232261357836,  2.99,0.955322158293588,A0Vn        , 0.014
67763, 93805,177756,7236,, 16Lam Aql, ,19.10415275,-04.88233456,38.3877159309021, 3.43,0.509038638177717,B9Vn        ,-0.096
67811, 93864,177716,7234,Wo 9643  , 40Tau Sgr, ,19.11567841,-27.66981416,36.9139904023625,  3.32,0.484045025165841,K1/K2III    , 1.169
68019, 94141,178524,7264,, 41Pi  Sgr, ,19.1627316,-21.02352534,134.952766531714, 2.88,-2.77090896010336,F2II/III    , 0.377
68192, 94376,180711,7310,, 57Del Dra, ,19.20920972,+67.66131695,30.7314074984634, 3.07,0.6320877430042,G9III       , 0.990
68497, 94779,181276,7328,,  1Kap Cyg, ,19.28503052,+53.36816064,37.7643504531722, 3.80,0.914589903838312,K0III       , 0.950
68795, 95168,181577,7340,NN 4107  , 44Rho1Sgr, ,19.36121535,-17.84725155,37.3273609555804,  3.93,1.06986356804104,F0III/IV    , 0.228
68849, 95241,181454,7337,,   Bet1Sgr, ,19.37730181,-44.45891013,116.009280742459, 3.96,-1.36246367087644,B9V         ,-0.085
68927, 95347,181869,7348,,   Alp Sgr, ,19.3980976,-40.61564629,52.0833333333333, 3.96,0.376506143517748,B8V         ,-0.105
69041, 95501,182640,7377,Gl 760   , 30Del Aql, ,19.42493129,+03.11457923,15.3727901614143,  3.36,2.42623650448803,F0IV        , 0.319
69309, 95853,184006,7420,, 10Iot2Cyg, ,19.49509425,+51.72946747,37.5516334960571, 3.76,0.886855832194707,A5Vn        , 0.148
69376, 95947,183912,7417,,  6Bet1Cyg, ,19.51202368,+27.95969480,118.203309692671, 3.05,-2.31314818480488,K3II+...    , 1.088
70319, 97165,186882,7528,, 18Del Cyg, ,19.74956725,+45.13069195,52.4383848977452, 2.86,-0.738246534769972,B9.5III     ,-0.002
70401, 97278,186791,7525,, 50Gam Aql,Tarazed,19.77099171,+10.61326869,141.242937853107, 2.72,-3.02983371155115,K3II        , 1.507
70471, 97365,187076,7536,,  7Del Sge, ,19.78979589,+18.53425912,137.362637362637, 3.68,-2.00934310343481,M2II + B6   , 1.313
70523, 97433,188119,7582,, 63Eps Dra, ,19.8028371,+70.26783533,44.6428571428571, 3.84,0.591240091670814,G8III       , 0.888
70683, 97649,187642,7557,Gl 768   , 53Alp Aql,Altair,19.84630057,+08.86738491,5.14297469656449,  0.77,2.21392806201252,A7IV-V      , 0.221
70803, 97804,187929,7570,, 55Eta Aql, ,19.8745455,+01.00567827,359.712230215827, 3.87,-3.90977602040962,F6Ibv SB    , 0.630
70987, 98036,188512,7602,Gl 771  A, 60Bet Aql, ,19.92187948,+06.40793334,13.7080191912269,  3.72,3.03512648114735,G8IVvar     , 0.855
71041, 98110,188947,7615,, 21Eta Cyg, ,19.93844337,+35.08349079,42.7350427350427, 3.89,0.736079287050715,K0IIIvar    , 1.019
71223, 98337,189319,7635,, 12Gam Sge, ,19.97927434,+19.49209287,84.0336134453782, 3.51,-1.11226519303735,K5III       , 1.571
71336, 98495,188228,7590,,   Eps Pav, ,20.00983148,-72.91018443,32.5414904002603, 3.97,1.40781280128189,A0V         ,-0.032
71911, 99240,190248,7665,Gl 780   ,   Del Pav, ,20.14496114,-66.17932101,6.10761619739816,  3.56,4.63064130911705,G5IV-Vvar   , 0.751
72099, 99473,191692,7710,, 65The Aql, ,20.18840688,-00.82147569,88.0281690140845, 3.24,-1.483108343125,B9.5III     ,-0.066
72249, 99675,192577,7735,, 31    Cyg, ,20.22719518,+46.74132417,414.9377593361, 3.80,-4.28991478712566,K2II+...    , 1.270
72378, 99848,192909,7751,, 32    Cyg, ,20.25786618,+47.71420530,340.136054421769, 3.96,-3.69826334793921,K3Ib-II comp, 1.451
72550,100064,192947,7754,,  6Alp2Cap, ,20.30089401,-12.54485877,33.3222259246918, 3.58,0.966329977124264,G6/G8III    , 0.883
72769,100345,193495,7776,,  9Bet Cap, ,20.35017956,-14.78140119,105.485232067511, 3.05,-2.06595831330967,A5:n        , 0.790
72847,100453,194093,7796,, 37Gam Cyg, ,20.37047223,+40.25668150,467.289719626168, 2.23,-6.11793113325404,F8Ib        , 0.673
73075,100751,193924,7790,,   Alp Pav, ,20.42745823,-56.73488071,56.1797752808989, 1.94,-1.80789998845553,B2IV        ,-0.118
73828,101769,196524,7882,,  6Bet Del, ,20.62579715,+14.59520289,29.8596595998806, 3.64,1.26457573769933,F5IV        , 0.425
73831,101772,196171,7869,Gl 794.1 ,   Alp Ind, ,20.62610824,-47.29166239,31.0462589257994,  3.11,0.649953624098457,K0III       , 0.998
73975,101958,196867,7906,,  9Alp Del, ,20.66062626,+15.91205270,73.8007380073801, 3.77,-0.570303523947877,B9V         ,-0.057
74084,102098,197345,7924,, 50Alp Cyg,Deneb,20.69053151,+45.28033423,990.09900990099, 1.25,-8.72839313108678,A2Ia        , 0.092
74311,102395,197051,7913,,   Bet Pav, ,20.74932102,-66.20323826,42.1762969211303, 3.42,0.294657769890941,A5IV        , 0.163
74331,102422,198149,7957,Gl 807   ,  3Eta Cep, ,20.75479684,+61.83679404,14.3410296859314,  3.43,2.64709832602459,K0IV        , 0.912
74382,102488,197989,7949,Gl 806.1A, 53Eps Cyg, ,20.77012006,+33.96945334,22.0945647370747,  2.45,0.728572748093549,K0III       , 1.021
74474,102618,198001,7950,,  2Eps Aqr, ,20.79459238,-09.49568988,70.3729767769177, 3.78,-0.45702961036265,A1V         , 0.000
74934,103227,198700,7986,,   Bet Ind, ,20.91349433,-58.45409470,184.842883548983, 3.67,-2.66401367446715,K0III       , 1.250
75075,103413,199629,8028,, 58Nu  Cyg, ,20.95289212,+41.16719384,109.051254089422, 3.94,-1.2481533216499,A1Vn        , 0.027
75548,104060,200905,8079,, 62Xi  Cyg, ,21.08218216,+43.92785122,361.01083032491, 3.72,-4.06760115467776,K5Ibv SB    , 1.609
76069,104732,202109,8115,, 64Zet Cyg, ,21.21560598,+30.22708128,46.2534690101758, 3.21,-0.115721551913542,G8II SB     , 0.990
76190,104887,202444,8130,Gl 822.1A, 65Tau Cyg, ,21.24648517,+38.04432043,20.9205020920502,  3.82,2.21713948306059,F1IV        , 0.393
76260,104987,202447,8131,,  8Alp Equ, ,21.26372131,+05.24807390,57.1102227298686, 3.92,0.136430730417231,G0III+...   , 0.549
76423,105199,203280,8162,Gl 826   ,  5Alp Cep,Alderamin,21.30960598,+62.58545529,14.9611011370437,  2.44,1.56518220610677,A7IV-V      , 0.257
76950,105881,204075,8204,, 34Zet Cap, ,21.44445214,-22.41137838,122.100122100122, 3.77,-1.66358049119791,G4Ibp...    , 1.002
77064,106032,205021,8238,,  8Bet Cep, ,21.47765973,+70.56069481,182.481751824818, 3.23,-3.07609720757815,B2IIIv SB   ,-0.201
77257,106278,204867,8232,, 22Bet Aqr, ,21.52597796,-05.57115593,187.617260787993, 2.90,-3.46636395486714,G0Ib        , 0.828
77410,106481,205435,8252,, 73Rho Cyg, ,21.56635357,+45.59206564,38.1679389312977, 3.98,1.07150645659873,G8III       , 0.885
77773,106985,206088,8278,NN 4209  , 40Gam Cap, ,21.66815062,-16.66225343,42.5894378194208,  3.68,0.533490462877884,A7III:mp... , 0.320
77851,107089,205478,8254,Gl 835.1 ,   Nu  Oct, ,21.69124253,-77.38946215,21.1774671749259,  3.75,2.12062991371354,K0III       , 1.008
78021,107315,206778,8308,,  8Eps Peg,Enif,21.73642787,+09.87500791,206.185567010309, 2.38,-4.19129130698868,K2Ibvar     , 1.520
78188,107556,207098,8322,Gl 837   , 49Del Cap, ,21.78396813,-16.12656595,11.8231260345235,  2.87,2.50633840405441,A5mF2 (IV)  , 0.180
78568,108085,207971,8353,,   Gam Gru, ,21.8987928,-37.36482290,62.2277535780958, 3.00,-0.969920616183277,B8III       ,-0.084
79284,109074,209750,8414,, 34Alp Aqr, ,22.09639591,-00.31982656,232.558139534884, 2.95,-3.88265772210207,G2Ib        , 0.969
79360,109176,210027,8430,Gl 848   , 24Iot Peg, ,22.11679848,+25.34504610,11.7564072419469,  3.76,3.40862689189002,F5V         , 0.435
79434,109268,209952,8425,Gl 848.2 ,   Alp Gru,Alnair,22.13718789,-46.96061593,31.0945273631841,  1.74,-0.723419799617932,B7IV        ,-0.070
79545,109427,210418,8450,Wo 9771  , 26The Peg, ,22.16994993,+06.19778900,29.6120817293456,  3.53,1.17265530317706,A2V         , 0.086
79599,109492,210745,8465,, 21Zet Cep, ,22.18090608,+58.20124992,222.71714922049, 3.39,-3.34876829498338,K1Ibv SB    , 1.558
80072,110130,211416,8502,,   Alp Tuc, ,22.30838283,-60.25949486,60.9013398294762, 2.87,-1.05313423608289,K3III       , 1.390
80250,110395,212061,8518,Wo 9779  , 48Gam Aqr, ,22.36091665,-01.38735315,48.3792936623125,  3.84,0.416702383136442,A0V         ,-0.057
80644,110960,213051,8558,, 55Zet1Aqr, ,22.48050015,-00.02006304,31.7158261972724, 3.65,1.14361985373952,F3III-IV    , 0.406
80669,110997,213009,8556,,   Del1Gru, ,22.48782057,-43.49555433,90.6618313689937, 3.97,-0.817122437799047,G6/G8III    , 1.022
80788,111169,213558,8585,,  7Alp Lac, ,22.52149326,+50.28244976,31.3873195229127, 3.76,1.27622885732556,A1V         , 0.031
81364,112029,214923,8634,, 42Zet Peg, ,22.69102078,+10.83139111,63.9386189258312, 3.41,-0.618816256380853,B8.5V       ,-0.086
81430,112122,214952,8636,,   Bet Gru, ,22.71109302,-46.88456594,52.1648408972353, 2.07,-1.51688943560969,M5III       , 1.610
81457,112158,215182,8650,, 44Eta Peg, ,22.71670238,+30.22130866,65.8761528326746, 2.93,-1.16364114220269,G2II-III..  , 0.852
81652,112440,215665,8667,NN 4295  , 47Lam Peg, ,22.77551177,+23.56567939,121.065375302663,  3.96,-1.45509976339809,G8II-III    , 1.070
81780,112623,215789,8675,Wo 9796  ,   Eps Gru, ,22.80922142,-51.31670354,39.7456279809221,  3.48,0.483553183866157,A3V         , 0.083
81849,112724,216228,8694,, 32Iot Cep, ,22.82803115,+66.20071089,35.3731871241599, 3.50,0.756629042447598,K0III       , 1.053
81865,112748,216131,8684,NN 4298  , 48Mu  Peg, ,22.8333612,+24.60168486,35.778175313059,  3.48,0.711909061112211,M2III       , 0.933
82014,112961,216386,8698,, 73Lam Aqr, ,22.87690679,-07.57967878,120.048019207683, 3.73,-1.66677499296606,M2IIIvar    , 1.626
82126,113136,216627,8709,, 76Del Aqr, ,22.91084423,-15.82075994,48.9236790606654, 3.27,-0.177595542686624,A3V         , 0.066
82291,113368,216956,8728,Gl 881   , 24Alp PsA,Fomalhaut,22.96078488,-29.62183701,7.68757687576876,  1.16,1.73105264124996,A3V         , 0.145
82539,113726,217675,8762,,  1Omi And, ,23.03201291,+42.32597866,212.314225053079, 3.62,-3.01489546435552,B6pv SB     ,-0.099
82663,113881,217906,8775,, 53Bet Peg,Scheat,23.06287038,+28.08245462,61.0873549175321, 2.44,-1.48975660294029,M2II-IIIvar , 1.655
82712,113963,218045,8781,, 54Alp Peg,Markab,23.07933801,+15.20536786,42.8082191780822, 2.49,-0.66763580779819,B9.5III     ,-0.002
82992,114341,218594,8812,, 88    Aqr, ,23.15743391,-21.17248555,71.6332378223496, 3.68,-0.595572908564288,K1III       , 1.202
83048,114421,218670,8820,,   Iot Gru, ,23.17261887,-45.24664747,56.7214974475326, 3.88,0.11126156149661,K0III SB    , 0.998
83413,114971,219615,8852,,  6Gam Psc, ,23.28597045,+03.28224524,40.1284109149278, 3.70,0.68274018993566,G7III       , 0.916
83430,114996,219571,8848,Wo 9818  ,   Gam Tuc, ,23.29050334,-58.23592762,22.0264317180617,  3.99,2.27527926428552,F1III       , 0.410
83739,115438,220321,8892,, 98    Aqr, ,23.38286152,-20.10034505,49.6524329692155, 3.96,0.480297331087996,K0III       , 1.082
84541,116584,222107,8961,Wo 9832  , 16Lam And, ,23.62602991,+46.45917621,25.8131130614352,  3.82,1.76079808191546,G8III-IV    , 0.984
84631,116727,222404,8974,Gl 903   , 35Gam Cep, ,23.65582834,+77.63196681,13.7931034482759,  3.21,2.51169003285497,K1IV        , 1.031
86179,0, ,-,Gl 194  B,-, ,5.27785134115813,46.006708593181,12.9382843834907,  0.96,0.400616536489542,  G0 III    , 
86307,0, 60178,2890,Gl 278  B, 66Alp Gem, ,7.57697782948592,31.8918827889317,15.8052789631737,  2.85,1.85598917229574,  A m       , 
86675,0,110380,4826,Gl 482  B, 29Gam Vir, ,12.6946896478077,-1.44933013444673,11.8301194842068,  3.52,3.15505434487826,  F0 V      , 
86727,0,116657,5055,NN 3784 B, 79Zet UMa, ,13.398898541116,54.9208921914242,24.1545893719807,  3.95,2.0350017056045,  A1 m      ,+0.13
86977,0, ,-,Gl 656.1B,-, ,17.172748885964,-15.728212356111,25.7931390250193,  3.4 ,1.34247900503605,  A3 V      , 